symbol,ok,rows,message
NVDA,False,0,429 Client Error: Too Many Requests for url: https://financialmodelingprep.com/stable/quote?symbol=NVDA%2CAAPL%2CMSFT%2CMU%2CAMZN%2CAMD%2CGOOGL%2CTSLA%2CGOOG%2CAVGO%2CMETA%2CWMT%2CINTC%2CCSCO%2CCOST%2CLRCX%2CAMAT%2CNFLX%2CPLTR%2CKLAC%2CTXN%2CMRVL%2CQCOM%2CSNDK%2CLIN&apikey=%2A%2A%2AREDACTED%2A%2A%2A
AAPL,False,0,429 Client Error: Too Many Requests for url: https://financialmodelingprep.com/stable/quote?symbol=NVDA%2CAAPL%2CMSFT%2CMU%2CAMZN%2CAMD%2CGOOGL%2CTSLA%2CGOOG%2CAVGO%2CMETA%2CWMT%2CINTC%2CCSCO%2CCOST%2CLRCX%2CAMAT%2CNFLX%2CPLTR%2CKLAC%2CTXN%2CMRVL%2CQCOM%2CSNDK%2CLIN&apikey=%2A%2A%2AREDACTED%2A%2A%2A
MSFT,False,0,429 Client Error: Too Many Requests for url: https://financialmodelingprep.com/stable/quote?symbol=NVDA%2CAAPL%2CMSFT%2CMU%2CAMZN%2CAMD%2CGOOGL%2CTSLA%2CGOOG%2CAVGO%2CMETA%2CWMT%2CINTC%2CCSCO%2CCOST%2CLRCX%2CAMAT%2CNFLX%2CPLTR%2CKLAC%2CTXN%2CMRVL%2CQCOM%2CSNDK%2CLIN&apikey=%2A%2A%2AREDACTED%2A%2A%2A
MU,False,0,429 Client Error: Too Many Requests for url: https://financialmodelingprep.com/stable/quote?symbol=NVDA%2CAAPL%2CMSFT%2CMU%2CAMZN%2CAMD%2CGOOGL%2CTSLA%2CGOOG%2CAVGO%2CMETA%2CWMT%2CINTC%2CCSCO%2CCOST%2CLRCX%2CAMAT%2CNFLX%2CPLTR%2CKLAC%2CTXN%2CMRVL%2CQCOM%2CSNDK%2CLIN&apikey=%2A%2A%2AREDACTED%2A%2A%2A
AMZN,False,0,429 Client Error: Too Many Requests for url: https://financialmodelingprep.com/stable/quote?symbol=NVDA%2CAAPL%2CMSFT%2CMU%2CAMZN%2CAMD%2CGOOGL%2CTSLA%2CGOOG%2CAVGO%2CMETA%2CWMT%2CINTC%2CCSCO%2CCOST%2CLRCX%2CAMAT%2CNFLX%2CPLTR%2CKLAC%2CTXN%2CMRVL%2CQCOM%2CSNDK%2CLIN&apikey=%2A%2A%2AREDACTED%2A%2A%2A
AMD,False,0,429 Client Error: Too Many Requests for url: https://financialmodelingprep.com/stable/quote?symbol=NVDA%2CAAPL%2CMSFT%2CMU%2CAMZN%2CAMD%2CGOOGL%2CTSLA%2CGOOG%2CAVGO%2CMETA%2CWMT%2CINTC%2CCSCO%2CCOST%2CLRCX%2CAMAT%2CNFLX%2CPLTR%2CKLAC%2CTXN%2CMRVL%2CQCOM%2CSNDK%2CLIN&apikey=%2A%2A%2AREDACTED%2A%2A%2A
GOOGL,False,0,429 Client Error: Too Many Requests for url: https://financialmodelingprep.com/stable/quote?symbol=NVDA%2CAAPL%2CMSFT%2CMU%2CAMZN%2CAMD%2CGOOGL%2CTSLA%2CGOOG%2CAVGO%2CMETA%2CWMT%2CINTC%2CCSCO%2CCOST%2CLRCX%2CAMAT%2CNFLX%2CPLTR%2CKLAC%2CTXN%2CMRVL%2CQCOM%2CSNDK%2CLIN&apikey=%2A%2A%2AREDACTED%2A%2A%2A
TSLA,False,0,429 Client Error: Too Many Requests for url: https://financialmodelingprep.com/stable/quote?symbol=NVDA%2CAAPL%2CMSFT%2CMU%2CAMZN%2CAMD%2CGOOGL%2CTSLA%2CGOOG%2CAVGO%2CMETA%2CWMT%2CINTC%2CCSCO%2CCOST%2CLRCX%2CAMAT%2CNFLX%2CPLTR%2CKLAC%2CTXN%2CMRVL%2CQCOM%2CSNDK%2CLIN&apikey=%2A%2A%2AREDACTED%2A%2A%2A
GOOG,False,0,429 Client Error: Too Many Requests for url: https://financialmodelingprep.com/stable/quote?symbol=NVDA%2CAAPL%2CMSFT%2CMU%2CAMZN%2CAMD%2CGOOGL%2CTSLA%2CGOOG%2CAVGO%2CMETA%2CWMT%2CINTC%2CCSCO%2CCOST%2CLRCX%2CAMAT%2CNFLX%2CPLTR%2CKLAC%2CTXN%2CMRVL%2CQCOM%2CSNDK%2CLIN&apikey=%2A%2A%2AREDACTED%2A%2A%2A
AVGO,False,0,429 Client Error: Too Many Requests for url: https://financialmodelingprep.com/stable/quote?symbol=NVDA%2CAAPL%2CMSFT%2CMU%2CAMZN%2CAMD%2CGOOGL%2CTSLA%2CGOOG%2CAVGO%2CMETA%2CWMT%2CINTC%2CCSCO%2CCOST%2CLRCX%2CAMAT%2CNFLX%2CPLTR%2CKLAC%2CTXN%2CMRVL%2CQCOM%2CSNDK%2CLIN&apikey=%2A%2A%2AREDACTED%2A%2A%2A
META,False,0,429 Client Error: Too Many Requests for url: https://financialmodelingprep.com/stable/quote?symbol=NVDA%2CAAPL%2CMSFT%2CMU%2CAMZN%2CAMD%2CGOOGL%2CTSLA%2CGOOG%2CAVGO%2CMETA%2CWMT%2CINTC%2CCSCO%2CCOST%2CLRCX%2CAMAT%2CNFLX%2CPLTR%2CKLAC%2CTXN%2CMRVL%2CQCOM%2CSNDK%2CLIN&apikey=%2A%2A%2AREDACTED%2A%2A%2A
WMT,False,0,429 Client Error: Too Many Requests for url: https://financialmodelingprep.com/stable/quote?symbol=NVDA%2CAAPL%2CMSFT%2CMU%2CAMZN%2CAMD%2CGOOGL%2CTSLA%2CGOOG%2CAVGO%2CMETA%2CWMT%2CINTC%2CCSCO%2CCOST%2CLRCX%2CAMAT%2CNFLX%2CPLTR%2CKLAC%2CTXN%2CMRVL%2CQCOM%2CSNDK%2CLIN&apikey=%2A%2A%2AREDACTED%2A%2A%2A
INTC,False,0,429 Client Error: Too Many Requests for url: https://financialmodelingprep.com/stable/quote?symbol=NVDA%2CAAPL%2CMSFT%2CMU%2CAMZN%2CAMD%2CGOOGL%2CTSLA%2CGOOG%2CAVGO%2CMETA%2CWMT%2CINTC%2CCSCO%2CCOST%2CLRCX%2CAMAT%2CNFLX%2CPLTR%2CKLAC%2CTXN%2CMRVL%2CQCOM%2CSNDK%2CLIN&apikey=%2A%2A%2AREDACTED%2A%2A%2A
CSCO,False,0,429 Client Error: Too Many Requests for url: https://financialmodelingprep.com/stable/quote?symbol=NVDA%2CAAPL%2CMSFT%2CMU%2CAMZN%2CAMD%2CGOOGL%2CTSLA%2CGOOG%2CAVGO%2CMETA%2CWMT%2CINTC%2CCSCO%2CCOST%2CLRCX%2CAMAT%2CNFLX%2CPLTR%2CKLAC%2CTXN%2CMRVL%2CQCOM%2CSNDK%2CLIN&apikey=%2A%2A%2AREDACTED%2A%2A%2A
COST,False,0,429 Client Error: Too Many Requests for url: https://financialmodelingprep.com/stable/quote?symbol=NVDA%2CAAPL%2CMSFT%2CMU%2CAMZN%2CAMD%2CGOOGL%2CTSLA%2CGOOG%2CAVGO%2CMETA%2CWMT%2CINTC%2CCSCO%2CCOST%2CLRCX%2CAMAT%2CNFLX%2CPLTR%2CKLAC%2CTXN%2CMRVL%2CQCOM%2CSNDK%2CLIN&apikey=%2A%2A%2AREDACTED%2A%2A%2A
LRCX,False,0,429 Client Error: Too Many Requests for url: https://financialmodelingprep.com/stable/quote?symbol=NVDA%2CAAPL%2CMSFT%2CMU%2CAMZN%2CAMD%2CGOOGL%2CTSLA%2CGOOG%2CAVGO%2CMETA%2CWMT%2CINTC%2CCSCO%2CCOST%2CLRCX%2CAMAT%2CNFLX%2CPLTR%2CKLAC%2CTXN%2CMRVL%2CQCOM%2CSNDK%2CLIN&apikey=%2A%2A%2AREDACTED%2A%2A%2A
AMAT,False,0,429 Client Error: Too Many Requests for url: https://financialmodelingprep.com/stable/quote?symbol=NVDA%2CAAPL%2CMSFT%2CMU%2CAMZN%2CAMD%2CGOOGL%2CTSLA%2CGOOG%2CAVGO%2CMETA%2CWMT%2CINTC%2CCSCO%2CCOST%2CLRCX%2CAMAT%2CNFLX%2CPLTR%2CKLAC%2CTXN%2CMRVL%2CQCOM%2CSNDK%2CLIN&apikey=%2A%2A%2AREDACTED%2A%2A%2A
NFLX,False,0,429 Client Error: Too Many Requests for url: https://financialmodelingprep.com/stable/quote?symbol=NVDA%2CAAPL%2CMSFT%2CMU%2CAMZN%2CAMD%2CGOOGL%2CTSLA%2CGOOG%2CAVGO%2CMETA%2CWMT%2CINTC%2CCSCO%2CCOST%2CLRCX%2CAMAT%2CNFLX%2CPLTR%2CKLAC%2CTXN%2CMRVL%2CQCOM%2CSNDK%2CLIN&apikey=%2A%2A%2AREDACTED%2A%2A%2A
PLTR,False,0,429 Client Error: Too Many Requests for url: https://financialmodelingprep.com/stable/quote?symbol=NVDA%2CAAPL%2CMSFT%2CMU%2CAMZN%2CAMD%2CGOOGL%2CTSLA%2CGOOG%2CAVGO%2CMETA%2CWMT%2CINTC%2CCSCO%2CCOST%2CLRCX%2CAMAT%2CNFLX%2CPLTR%2CKLAC%2CTXN%2CMRVL%2CQCOM%2CSNDK%2CLIN&apikey=%2A%2A%2AREDACTED%2A%2A%2A
KLAC,False,0,429 Client Error: Too Many Requests for url: https://financialmodelingprep.com/stable/quote?symbol=NVDA%2CAAPL%2CMSFT%2CMU%2CAMZN%2CAMD%2CGOOGL%2CTSLA%2CGOOG%2CAVGO%2CMETA%2CWMT%2CINTC%2CCSCO%2CCOST%2CLRCX%2CAMAT%2CNFLX%2CPLTR%2CKLAC%2CTXN%2CMRVL%2CQCOM%2CSNDK%2CLIN&apikey=%2A%2A%2AREDACTED%2A%2A%2A
TXN,False,0,429 Client Error: Too Many Requests for url: https://financialmodelingprep.com/stable/quote?symbol=NVDA%2CAAPL%2CMSFT%2CMU%2CAMZN%2CAMD%2CGOOGL%2CTSLA%2CGOOG%2CAVGO%2CMETA%2CWMT%2CINTC%2CCSCO%2CCOST%2CLRCX%2CAMAT%2CNFLX%2CPLTR%2CKLAC%2CTXN%2CMRVL%2CQCOM%2CSNDK%2CLIN&apikey=%2A%2A%2AREDACTED%2A%2A%2A
MRVL,False,0,429 Client Error: Too Many Requests for url: https://financialmodelingprep.com/stable/quote?symbol=NVDA%2CAAPL%2CMSFT%2CMU%2CAMZN%2CAMD%2CGOOGL%2CTSLA%2CGOOG%2CAVGO%2CMETA%2CWMT%2CINTC%2CCSCO%2CCOST%2CLRCX%2CAMAT%2CNFLX%2CPLTR%2CKLAC%2CTXN%2CMRVL%2CQCOM%2CSNDK%2CLIN&apikey=%2A%2A%2AREDACTED%2A%2A%2A
QCOM,False,0,429 Client Error: Too Many Requests for url: https://financialmodelingprep.com/stable/quote?symbol=NVDA%2CAAPL%2CMSFT%2CMU%2CAMZN%2CAMD%2CGOOGL%2CTSLA%2CGOOG%2CAVGO%2CMETA%2CWMT%2CINTC%2CCSCO%2CCOST%2CLRCX%2CAMAT%2CNFLX%2CPLTR%2CKLAC%2CTXN%2CMRVL%2CQCOM%2CSNDK%2CLIN&apikey=%2A%2A%2AREDACTED%2A%2A%2A
SNDK,False,0,429 Client Error: Too Many Requests for url: https://financialmodelingprep.com/stable/quote?symbol=NVDA%2CAAPL%2CMSFT%2CMU%2CAMZN%2CAMD%2CGOOGL%2CTSLA%2CGOOG%2CAVGO%2CMETA%2CWMT%2CINTC%2CCSCO%2CCOST%2CLRCX%2CAMAT%2CNFLX%2CPLTR%2CKLAC%2CTXN%2CMRVL%2CQCOM%2CSNDK%2CLIN&apikey=%2A%2A%2AREDACTED%2A%2A%2A
LIN,False,0,429 Client Error: Too Many Requests for url: https://financialmodelingprep.com/stable/quote?symbol=NVDA%2CAAPL%2CMSFT%2CMU%2CAMZN%2CAMD%2CGOOGL%2CTSLA%2CGOOG%2CAVGO%2CMETA%2CWMT%2CINTC%2CCSCO%2CCOST%2CLRCX%2CAMAT%2CNFLX%2CPLTR%2CKLAC%2CTXN%2CMRVL%2CQCOM%2CSNDK%2CLIN&apikey=%2A%2A%2AREDACTED%2A%2A%2A
PANW,False,0,429 Client Error: Too Many Requests for url: https://financialmodelingprep.com/stable/quote?symbol=NVDA%2CAAPL%2CMSFT%2CMU%2CAMZN%2CAMD%2CGOOGL%2CTSLA%2CGOOG%2CAVGO%2CMETA%2CWMT%2CINTC%2CCSCO%2CCOST%2CLRCX%2CAMAT%2CNFLX%2CPLTR%2CKLAC%2CTXN%2CMRVL%2CQCOM%2CSNDK%2CLIN&apikey=%2A%2A%2AREDACTED%2A%2A%2A
ADI,False,0,429 Client Error: Too Many Requests for url: https://financialmodelingprep.com/stable/quote?symbol=NVDA%2CAAPL%2CMSFT%2CMU%2CAMZN%2CAMD%2CGOOGL%2CTSLA%2CGOOG%2CAVGO%2CMETA%2CWMT%2CINTC%2CCSCO%2CCOST%2CLRCX%2CAMAT%2CNFLX%2CPLTR%2CKLAC%2CTXN%2CMRVL%2CQCOM%2CSNDK%2CLIN&apikey=%2A%2A%2AREDACTED%2A%2A%2A
STX,False,0,429 Client Error: Too Many Requests for url: https://financialmodelingprep.com/stable/quote?symbol=NVDA%2CAAPL%2CMSFT%2CMU%2CAMZN%2CAMD%2CGOOGL%2CTSLA%2CGOOG%2CAVGO%2CMETA%2CWMT%2CINTC%2CCSCO%2CCOST%2CLRCX%2CAMAT%2CNFLX%2CPLTR%2CKLAC%2CTXN%2CMRVL%2CQCOM%2CSNDK%2CLIN&apikey=%2A%2A%2AREDACTED%2A%2A%2A
TMUS,False,0,429 Client Error: Too Many Requests for url: https://financialmodelingprep.com/stable/quote?symbol=NVDA%2CAAPL%2CMSFT%2CMU%2CAMZN%2CAMD%2CGOOGL%2CTSLA%2CGOOG%2CAVGO%2CMETA%2CWMT%2CINTC%2CCSCO%2CCOST%2CLRCX%2CAMAT%2CNFLX%2CPLTR%2CKLAC%2CTXN%2CMRVL%2CQCOM%2CSNDK%2CLIN&apikey=%2A%2A%2AREDACTED%2A%2A%2A
WDC,False,0,429 Client Error: Too Many Requests for url: https://financialmodelingprep.com/stable/quote?symbol=NVDA%2CAAPL%2CMSFT%2CMU%2CAMZN%2CAMD%2CGOOGL%2CTSLA%2CGOOG%2CAVGO%2CMETA%2CWMT%2CINTC%2CCSCO%2CCOST%2CLRCX%2CAMAT%2CNFLX%2CPLTR%2CKLAC%2CTXN%2CMRVL%2CQCOM%2CSNDK%2CLIN&apikey=%2A%2A%2AREDACTED%2A%2A%2A
PEP,False,0,429 Client Error: Too Many Requests for url: https://financialmodelingprep.com/stable/quote?symbol=NVDA%2CAAPL%2CMSFT%2CMU%2CAMZN%2CAMD%2CGOOGL%2CTSLA%2CGOOG%2CAVGO%2CMETA%2CWMT%2CINTC%2CCSCO%2CCOST%2CLRCX%2CAMAT%2CNFLX%2CPLTR%2CKLAC%2CTXN%2CMRVL%2CQCOM%2CSNDK%2CLIN&apikey=%2A%2A%2AREDACTED%2A%2A%2A
AMGN,False,0,429 Client Error: Too Many Requests for url: https://financialmodelingprep.com/stable/quote?symbol=NVDA%2CAAPL%2CMSFT%2CMU%2CAMZN%2CAMD%2CGOOGL%2CTSLA%2CGOOG%2CAVGO%2CMETA%2CWMT%2CINTC%2CCSCO%2CCOST%2CLRCX%2CAMAT%2CNFLX%2CPLTR%2CKLAC%2CTXN%2CMRVL%2CQCOM%2CSNDK%2CLIN&apikey=%2A%2A%2AREDACTED%2A%2A%2A
CRWD,False,0,429 Client Error: Too Many Requests for url: https://financialmodelingprep.com/stable/quote?symbol=NVDA%2CAAPL%2CMSFT%2CMU%2CAMZN%2CAMD%2CGOOGL%2CTSLA%2CGOOG%2CAVGO%2CMETA%2CWMT%2CINTC%2CCSCO%2CCOST%2CLRCX%2CAMAT%2CNFLX%2CPLTR%2CKLAC%2CTXN%2CMRVL%2CQCOM%2CSNDK%2CLIN&apikey=%2A%2A%2AREDACTED%2A%2A%2A
APP,False,0,429 Client Error: Too Many Requests for url: https://financialmodelingprep.com/stable/quote?symbol=NVDA%2CAAPL%2CMSFT%2CMU%2CAMZN%2CAMD%2CGOOGL%2CTSLA%2CGOOG%2CAVGO%2CMETA%2CWMT%2CINTC%2CCSCO%2CCOST%2CLRCX%2CAMAT%2CNFLX%2CPLTR%2CKLAC%2CTXN%2CMRVL%2CQCOM%2CSNDK%2CLIN&apikey=%2A%2A%2AREDACTED%2A%2A%2A
GILD,False,0,429 Client Error: Too Many Requests for url: https://financialmodelingprep.com/stable/quote?symbol=NVDA%2CAAPL%2CMSFT%2CMU%2CAMZN%2CAMD%2CGOOGL%2CTSLA%2CGOOG%2CAVGO%2CMETA%2CWMT%2CINTC%2CCSCO%2CCOST%2CLRCX%2CAMAT%2CNFLX%2CPLTR%2CKLAC%2CTXN%2CMRVL%2CQCOM%2CSNDK%2CLIN&apikey=%2A%2A%2AREDACTED%2A%2A%2A
ISRG,False,0,429 Client Error: Too Many Requests for url: https://financialmodelingprep.com/stable/quote?symbol=NVDA%2CAAPL%2CMSFT%2CMU%2CAMZN%2CAMD%2CGOOGL%2CTSLA%2CGOOG%2CAVGO%2CMETA%2CWMT%2CINTC%2CCSCO%2CCOST%2CLRCX%2CAMAT%2CNFLX%2CPLTR%2CKLAC%2CTXN%2CMRVL%2CQCOM%2CSNDK%2CLIN&apikey=%2A%2A%2AREDACTED%2A%2A%2A
SHOP,False,0,429 Client Error: Too Many Requests for url: https://financialmodelingprep.com/stable/quote?symbol=NVDA%2CAAPL%2CMSFT%2CMU%2CAMZN%2CAMD%2CGOOGL%2CTSLA%2CGOOG%2CAVGO%2CMETA%2CWMT%2CINTC%2CCSCO%2CCOST%2CLRCX%2CAMAT%2CNFLX%2CPLTR%2CKLAC%2CTXN%2CMRVL%2CQCOM%2CSNDK%2CLIN&apikey=%2A%2A%2AREDACTED%2A%2A%2A
HON,False,0,429 Client Error: Too Many Requests for url: https://financialmodelingprep.com/stable/quote?symbol=NVDA%2CAAPL%2CMSFT%2CMU%2CAMZN%2CAMD%2CGOOGL%2CTSLA%2CGOOG%2CAVGO%2CMETA%2CWMT%2CINTC%2CCSCO%2CCOST%2CLRCX%2CAMAT%2CNFLX%2CPLTR%2CKLAC%2CTXN%2CMRVL%2CQCOM%2CSNDK%2CLIN&apikey=%2A%2A%2AREDACTED%2A%2A%2A
BKNG,False,0,429 Client Error: Too Many Requests for url: https://financialmodelingprep.com/stable/quote?symbol=NVDA%2CAAPL%2CMSFT%2CMU%2CAMZN%2CAMD%2CGOOGL%2CTSLA%2CGOOG%2CAVGO%2CMETA%2CWMT%2CINTC%2CCSCO%2CCOST%2CLRCX%2CAMAT%2CNFLX%2CPLTR%2CKLAC%2CTXN%2CMRVL%2CQCOM%2CSNDK%2CLIN&apikey=%2A%2A%2AREDACTED%2A%2A%2A
CDNS,False,0,429 Client Error: Too Many Requests for url: https://financialmodelingprep.com/stable/quote?symbol=NVDA%2CAAPL%2CMSFT%2CMU%2CAMZN%2CAMD%2CGOOGL%2CTSLA%2CGOOG%2CAVGO%2CMETA%2CWMT%2CINTC%2CCSCO%2CCOST%2CLRCX%2CAMAT%2CNFLX%2CPLTR%2CKLAC%2CTXN%2CMRVL%2CQCOM%2CSNDK%2CLIN&apikey=%2A%2A%2AREDACTED%2A%2A%2A
VRTX,False,0,429 Client Error: Too Many Requests for url: https://financialmodelingprep.com/stable/quote?symbol=NVDA%2CAAPL%2CMSFT%2CMU%2CAMZN%2CAMD%2CGOOGL%2CTSLA%2CGOOG%2CAVGO%2CMETA%2CWMT%2CINTC%2CCSCO%2CCOST%2CLRCX%2CAMAT%2CNFLX%2CPLTR%2CKLAC%2CTXN%2CMRVL%2CQCOM%2CSNDK%2CLIN&apikey=%2A%2A%2AREDACTED%2A%2A%2A
FTNT,False,0,429 Client Error: Too Many Requests for url: https://financialmodelingprep.com/stable/quote?symbol=NVDA%2CAAPL%2CMSFT%2CMU%2CAMZN%2CAMD%2CGOOGL%2CTSLA%2CGOOG%2CAVGO%2CMETA%2CWMT%2CINTC%2CCSCO%2CCOST%2CLRCX%2CAMAT%2CNFLX%2CPLTR%2CKLAC%2CTXN%2CMRVL%2CQCOM%2CSNDK%2CLIN&apikey=%2A%2A%2AREDACTED%2A%2A%2A
SBUX,False,0,429 Client Error: Too Many Requests for url: https://financialmodelingprep.com/stable/quote?symbol=NVDA%2CAAPL%2CMSFT%2CMU%2CAMZN%2CAMD%2CGOOGL%2CTSLA%2CGOOG%2CAVGO%2CMETA%2CWMT%2CINTC%2CCSCO%2CCOST%2CLRCX%2CAMAT%2CNFLX%2CPLTR%2CKLAC%2CTXN%2CMRVL%2CQCOM%2CSNDK%2CLIN&apikey=%2A%2A%2AREDACTED%2A%2A%2A
ADBE,False,0,429 Client Error: Too Many Requests for url: https://financialmodelingprep.com/stable/quote?symbol=NVDA%2CAAPL%2CMSFT%2CMU%2CAMZN%2CAMD%2CGOOGL%2CTSLA%2CGOOG%2CAVGO%2CMETA%2CWMT%2CINTC%2CCSCO%2CCOST%2CLRCX%2CAMAT%2CNFLX%2CPLTR%2CKLAC%2CTXN%2CMRVL%2CQCOM%2CSNDK%2CLIN&apikey=%2A%2A%2AREDACTED%2A%2A%2A
MAR,False,0,429 Client Error: Too Many Requests for url: https://financialmodelingprep.com/stable/quote?symbol=NVDA%2CAAPL%2CMSFT%2CMU%2CAMZN%2CAMD%2CGOOGL%2CTSLA%2CGOOG%2CAVGO%2CMETA%2CWMT%2CINTC%2CCSCO%2CCOST%2CLRCX%2CAMAT%2CNFLX%2CPLTR%2CKLAC%2CTXN%2CMRVL%2CQCOM%2CSNDK%2CLIN&apikey=%2A%2A%2AREDACTED%2A%2A%2A
CEG,False,0,429 Client Error: Too Many Requests for url: https://financialmodelingprep.com/stable/quote?symbol=NVDA%2CAAPL%2CMSFT%2CMU%2CAMZN%2CAMD%2CGOOGL%2CTSLA%2CGOOG%2CAVGO%2CMETA%2CWMT%2CINTC%2CCSCO%2CCOST%2CLRCX%2CAMAT%2CNFLX%2CPLTR%2CKLAC%2CTXN%2CMRVL%2CQCOM%2CSNDK%2CLIN&apikey=%2A%2A%2AREDACTED%2A%2A%2A
SNPS,False,0,429 Client Error: Too Many Requests for url: https://financialmodelingprep.com/stable/quote?symbol=NVDA%2CAAPL%2CMSFT%2CMU%2CAMZN%2CAMD%2CGOOGL%2CTSLA%2CGOOG%2CAVGO%2CMETA%2CWMT%2CINTC%2CCSCO%2CCOST%2CLRCX%2CAMAT%2CNFLX%2CPLTR%2CKLAC%2CTXN%2CMRVL%2CQCOM%2CSNDK%2CLIN&apikey=%2A%2A%2AREDACTED%2A%2A%2A
ADP,False,0,429 Client Error: Too Many Requests for url: https://financialmodelingprep.com/stable/quote?symbol=NVDA%2CAAPL%2CMSFT%2CMU%2CAMZN%2CAMD%2CGOOGL%2CTSLA%2CGOOG%2CAVGO%2CMETA%2CWMT%2CINTC%2CCSCO%2CCOST%2CLRCX%2CAMAT%2CNFLX%2CPLTR%2CKLAC%2CTXN%2CMRVL%2CQCOM%2CSNDK%2CLIN&apikey=%2A%2A%2AREDACTED%2A%2A%2A
MNST,False,0,429 Client Error: Too Many Requests for url: https://financialmodelingprep.com/stable/quote?symbol=NVDA%2CAAPL%2CMSFT%2CMU%2CAMZN%2CAMD%2CGOOGL%2CTSLA%2CGOOG%2CAVGO%2CMETA%2CWMT%2CINTC%2CCSCO%2CCOST%2CLRCX%2CAMAT%2CNFLX%2CPLTR%2CKLAC%2CTXN%2CMRVL%2CQCOM%2CSNDK%2CLIN&apikey=%2A%2A%2AREDACTED%2A%2A%2A
CSX,False,0,429 Client Error: Too Many Requests for url: https://financialmodelingprep.com/stable/quote?symbol=NVDA%2CAAPL%2CMSFT%2CMU%2CAMZN%2CAMD%2CGOOGL%2CTSLA%2CGOOG%2CAVGO%2CMETA%2CWMT%2CINTC%2CCSCO%2CCOST%2CLRCX%2CAMAT%2CNFLX%2CPLTR%2CKLAC%2CTXN%2CMRVL%2CQCOM%2CSNDK%2CLIN&apikey=%2A%2A%2AREDACTED%2A%2A%2A
CMCSA,False,0,429 Client Error: Too Many Requests for url: https://financialmodelingprep.com/stable/quote?symbol=NVDA%2CAAPL%2CMSFT%2CMU%2CAMZN%2CAMD%2CGOOGL%2CTSLA%2CGOOG%2CAVGO%2CMETA%2CWMT%2CINTC%2CCSCO%2CCOST%2CLRCX%2CAMAT%2CNFLX%2CPLTR%2CKLAC%2CTXN%2CMRVL%2CQCOM%2CSNDK%2CLIN&apikey=%2A%2A%2AREDACTED%2A%2A%2A
INTU,False,0,429 Client Error: Too Many Requests for url: https://financialmodelingprep.com/stable/quote?symbol=NVDA%2CAAPL%2CMSFT%2CMU%2CAMZN%2CAMD%2CGOOGL%2CTSLA%2CGOOG%2CAVGO%2CMETA%2CWMT%2CINTC%2CCSCO%2CCOST%2CLRCX%2CAMAT%2CNFLX%2CPLTR%2CKLAC%2CTXN%2CMRVL%2CQCOM%2CSNDK%2CLIN&apikey=%2A%2A%2AREDACTED%2A%2A%2A
MELI,False,0,429 Client Error: Too Many Requests for url: https://financialmodelingprep.com/stable/quote?symbol=NVDA%2CAAPL%2CMSFT%2CMU%2CAMZN%2CAMD%2CGOOGL%2CTSLA%2CGOOG%2CAVGO%2CMETA%2CWMT%2CINTC%2CCSCO%2CCOST%2CLRCX%2CAMAT%2CNFLX%2CPLTR%2CKLAC%2CTXN%2CMRVL%2CQCOM%2CSNDK%2CLIN&apikey=%2A%2A%2AREDACTED%2A%2A%2A
NXPI,False,0,429 Client Error: Too Many Requests for url: https://financialmodelingprep.com/stable/quote?symbol=NVDA%2CAAPL%2CMSFT%2CMU%2CAMZN%2CAMD%2CGOOGL%2CTSLA%2CGOOG%2CAVGO%2CMETA%2CWMT%2CINTC%2CCSCO%2CCOST%2CLRCX%2CAMAT%2CNFLX%2CPLTR%2CKLAC%2CTXN%2CMRVL%2CQCOM%2CSNDK%2CLIN&apikey=%2A%2A%2AREDACTED%2A%2A%2A
MPWR,False,0,429 Client Error: Too Many Requests for url: https://financialmodelingprep.com/stable/quote?symbol=NVDA%2CAAPL%2CMSFT%2CMU%2CAMZN%2CAMD%2CGOOGL%2CTSLA%2CGOOG%2CAVGO%2CMETA%2CWMT%2CINTC%2CCSCO%2CCOST%2CLRCX%2CAMAT%2CNFLX%2CPLTR%2CKLAC%2CTXN%2CMRVL%2CQCOM%2CSNDK%2CLIN&apikey=%2A%2A%2AREDACTED%2A%2A%2A
DDOG,False,0,429 Client Error: Too Many Requests for url: https://financialmodelingprep.com/stable/quote?symbol=NVDA%2CAAPL%2CMSFT%2CMU%2CAMZN%2CAMD%2CGOOGL%2CTSLA%2CGOOG%2CAVGO%2CMETA%2CWMT%2CINTC%2CCSCO%2CCOST%2CLRCX%2CAMAT%2CNFLX%2CPLTR%2CKLAC%2CTXN%2CMRVL%2CQCOM%2CSNDK%2CLIN&apikey=%2A%2A%2AREDACTED%2A%2A%2A
MDLZ,False,0,429 Client Error: Too Many Requests for url: https://financialmodelingprep.com/stable/quote?symbol=NVDA%2CAAPL%2CMSFT%2CMU%2CAMZN%2CAMD%2CGOOGL%2CTSLA%2CGOOG%2CAVGO%2CMETA%2CWMT%2CINTC%2CCSCO%2CCOST%2CLRCX%2CAMAT%2CNFLX%2CPLTR%2CKLAC%2CTXN%2CMRVL%2CQCOM%2CSNDK%2CLIN&apikey=%2A%2A%2AREDACTED%2A%2A%2A
ROST,False,0,429 Client Error: Too Many Requests for url: https://financialmodelingprep.com/stable/quote?symbol=NVDA%2CAAPL%2CMSFT%2CMU%2CAMZN%2CAMD%2CGOOGL%2CTSLA%2CGOOG%2CAVGO%2CMETA%2CWMT%2CINTC%2CCSCO%2CCOST%2CLRCX%2CAMAT%2CNFLX%2CPLTR%2CKLAC%2CTXN%2CMRVL%2CQCOM%2CSNDK%2CLIN&apikey=%2A%2A%2AREDACTED%2A%2A%2A
ORLY,False,0,429 Client Error: Too Many Requests for url: https://financialmodelingprep.com/stable/quote?symbol=NVDA%2CAAPL%2CMSFT%2CMU%2CAMZN%2CAMD%2CGOOGL%2CTSLA%2CGOOG%2CAVGO%2CMETA%2CWMT%2CINTC%2CCSCO%2CCOST%2CLRCX%2CAMAT%2CNFLX%2CPLTR%2CKLAC%2CTXN%2CMRVL%2CQCOM%2CSNDK%2CLIN&apikey=%2A%2A%2AREDACTED%2A%2A%2A
CTAS,False,0,429 Client Error: Too Many Requests for url: https://financialmodelingprep.com/stable/quote?symbol=NVDA%2CAAPL%2CMSFT%2CMU%2CAMZN%2CAMD%2CGOOGL%2CTSLA%2CGOOG%2CAVGO%2CMETA%2CWMT%2CINTC%2CCSCO%2CCOST%2CLRCX%2CAMAT%2CNFLX%2CPLTR%2CKLAC%2CTXN%2CMRVL%2CQCOM%2CSNDK%2CLIN&apikey=%2A%2A%2AREDACTED%2A%2A%2A
AEP,False,0,429 Client Error: Too Many Requests for url: https://financialmodelingprep.com/stable/quote?symbol=NVDA%2CAAPL%2CMSFT%2CMU%2CAMZN%2CAMD%2CGOOGL%2CTSLA%2CGOOG%2CAVGO%2CMETA%2CWMT%2CINTC%2CCSCO%2CCOST%2CLRCX%2CAMAT%2CNFLX%2CPLTR%2CKLAC%2CTXN%2CMRVL%2CQCOM%2CSNDK%2CLIN&apikey=%2A%2A%2AREDACTED%2A%2A%2A
LITE,False,0,429 Client Error: Too Many Requests for url: https://financialmodelingprep.com/stable/quote?symbol=NVDA%2CAAPL%2CMSFT%2CMU%2CAMZN%2CAMD%2CGOOGL%2CTSLA%2CGOOG%2CAVGO%2CMETA%2CWMT%2CINTC%2CCSCO%2CCOST%2CLRCX%2CAMAT%2CNFLX%2CPLTR%2CKLAC%2CTXN%2CMRVL%2CQCOM%2CSNDK%2CLIN&apikey=%2A%2A%2AREDACTED%2A%2A%2A
WBD,False,0,429 Client Error: Too Many Requests for url: https://financialmodelingprep.com/stable/quote?symbol=NVDA%2CAAPL%2CMSFT%2CMU%2CAMZN%2CAMD%2CGOOGL%2CTSLA%2CGOOG%2CAVGO%2CMETA%2CWMT%2CINTC%2CCSCO%2CCOST%2CLRCX%2CAMAT%2CNFLX%2CPLTR%2CKLAC%2CTXN%2CMRVL%2CQCOM%2CSNDK%2CLIN&apikey=%2A%2A%2AREDACTED%2A%2A%2A
DASH,False,0,429 Client Error: Too Many Requests for url: https://financialmodelingprep.com/stable/quote?symbol=NVDA%2CAAPL%2CMSFT%2CMU%2CAMZN%2CAMD%2CGOOGL%2CTSLA%2CGOOG%2CAVGO%2CMETA%2CWMT%2CINTC%2CCSCO%2CCOST%2CLRCX%2CAMAT%2CNFLX%2CPLTR%2CKLAC%2CTXN%2CMRVL%2CQCOM%2CSNDK%2CLIN&apikey=%2A%2A%2AREDACTED%2A%2A%2A
BKR,False,0,429 Client Error: Too Many Requests for url: https://financialmodelingprep.com/stable/quote?symbol=NVDA%2CAAPL%2CMSFT%2CMU%2CAMZN%2CAMD%2CGOOGL%2CTSLA%2CGOOG%2CAVGO%2CMETA%2CWMT%2CINTC%2CCSCO%2CCOST%2CLRCX%2CAMAT%2CNFLX%2CPLTR%2CKLAC%2CTXN%2CMRVL%2CQCOM%2CSNDK%2CLIN&apikey=%2A%2A%2AREDACTED%2A%2A%2A
REGN,False,0,429 Client Error: Too Many Requests for url: https://financialmodelingprep.com/stable/quote?symbol=NVDA%2CAAPL%2CMSFT%2CMU%2CAMZN%2CAMD%2CGOOGL%2CTSLA%2CGOOG%2CAVGO%2CMETA%2CWMT%2CINTC%2CCSCO%2CCOST%2CLRCX%2CAMAT%2CNFLX%2CPLTR%2CKLAC%2CTXN%2CMRVL%2CQCOM%2CSNDK%2CLIN&apikey=%2A%2A%2AREDACTED%2A%2A%2A
PCAR,False,0,429 Client Error: Too Many Requests for url: https://financialmodelingprep.com/stable/quote?symbol=NVDA%2CAAPL%2CMSFT%2CMU%2CAMZN%2CAMD%2CGOOGL%2CTSLA%2CGOOG%2CAVGO%2CMETA%2CWMT%2CINTC%2CCSCO%2CCOST%2CLRCX%2CAMAT%2CNFLX%2CPLTR%2CKLAC%2CTXN%2CMRVL%2CQCOM%2CSNDK%2CLIN&apikey=%2A%2A%2AREDACTED%2A%2A%2A
FANG,False,0,429 Client Error: Too Many Requests for url: https://financialmodelingprep.com/stable/quote?symbol=NVDA%2CAAPL%2CMSFT%2CMU%2CAMZN%2CAMD%2CGOOGL%2CTSLA%2CGOOG%2CAVGO%2CMETA%2CWMT%2CINTC%2CCSCO%2CCOST%2CLRCX%2CAMAT%2CNFLX%2CPLTR%2CKLAC%2CTXN%2CMRVL%2CQCOM%2CSNDK%2CLIN&apikey=%2A%2A%2AREDACTED%2A%2A%2A
ABNB,False,0,429 Client Error: Too Many Requests for url: https://financialmodelingprep.com/stable/quote?symbol=NVDA%2CAAPL%2CMSFT%2CMU%2CAMZN%2CAMD%2CGOOGL%2CTSLA%2CGOOG%2CAVGO%2CMETA%2CWMT%2CINTC%2CCSCO%2CCOST%2CLRCX%2CAMAT%2CNFLX%2CPLTR%2CKLAC%2CTXN%2CMRVL%2CQCOM%2CSNDK%2CLIN&apikey=%2A%2A%2AREDACTED%2A%2A%2A
FAST,False,0,429 Client Error: Too Many Requests for url: https://financialmodelingprep.com/stable/quote?symbol=NVDA%2CAAPL%2CMSFT%2CMU%2CAMZN%2CAMD%2CGOOGL%2CTSLA%2CGOOG%2CAVGO%2CMETA%2CWMT%2CINTC%2CCSCO%2CCOST%2CLRCX%2CAMAT%2CNFLX%2CPLTR%2CKLAC%2CTXN%2CMRVL%2CQCOM%2CSNDK%2CLIN&apikey=%2A%2A%2AREDACTED%2A%2A%2A
MCHP,False,0,429 Client Error: Too Many Requests for url: https://financialmodelingprep.com/stable/quote?symbol=NVDA%2CAAPL%2CMSFT%2CMU%2CAMZN%2CAMD%2CGOOGL%2CTSLA%2CGOOG%2CAVGO%2CMETA%2CWMT%2CINTC%2CCSCO%2CCOST%2CLRCX%2CAMAT%2CNFLX%2CPLTR%2CKLAC%2CTXN%2CMRVL%2CQCOM%2CSNDK%2CLIN&apikey=%2A%2A%2AREDACTED%2A%2A%2A
ODFL,False,0,429 Client Error: Too Many Requests for url: https://financialmodelingprep.com/stable/quote?symbol=NVDA%2CAAPL%2CMSFT%2CMU%2CAMZN%2CAMD%2CGOOGL%2CTSLA%2CGOOG%2CAVGO%2CMETA%2CWMT%2CINTC%2CCSCO%2CCOST%2CLRCX%2CAMAT%2CNFLX%2CPLTR%2CKLAC%2CTXN%2CMRVL%2CQCOM%2CSNDK%2CLIN&apikey=%2A%2A%2AREDACTED%2A%2A%2A
EA,False,0,429 Client Error: Too Many Requests for url: https://financialmodelingprep.com/stable/quote?symbol=NVDA%2CAAPL%2CMSFT%2CMU%2CAMZN%2CAMD%2CGOOGL%2CTSLA%2CGOOG%2CAVGO%2CMETA%2CWMT%2CINTC%2CCSCO%2CCOST%2CLRCX%2CAMAT%2CNFLX%2CPLTR%2CKLAC%2CTXN%2CMRVL%2CQCOM%2CSNDK%2CLIN&apikey=%2A%2A%2AREDACTED%2A%2A%2A
ADSK,False,0,429 Client Error: Too Many Requests for url: https://financialmodelingprep.com/stable/quote?symbol=NVDA%2CAAPL%2CMSFT%2CMU%2CAMZN%2CAMD%2CGOOGL%2CTSLA%2CGOOG%2CAVGO%2CMETA%2CWMT%2CINTC%2CCSCO%2CCOST%2CLRCX%2CAMAT%2CNFLX%2CPLTR%2CKLAC%2CTXN%2CMRVL%2CQCOM%2CSNDK%2CLIN&apikey=%2A%2A%2AREDACTED%2A%2A%2A
XEL,False,0,429 Client Error: Too Many Requests for url: https://financialmodelingprep.com/stable/quote?symbol=NVDA%2CAAPL%2CMSFT%2CMU%2CAMZN%2CAMD%2CGOOGL%2CTSLA%2CGOOG%2CAVGO%2CMETA%2CWMT%2CINTC%2CCSCO%2CCOST%2CLRCX%2CAMAT%2CNFLX%2CPLTR%2CKLAC%2CTXN%2CMRVL%2CQCOM%2CSNDK%2CLIN&apikey=%2A%2A%2AREDACTED%2A%2A%2A
FER,False,0,429 Client Error: Too Many Requests for url: https://financialmodelingprep.com/stable/quote?symbol=NVDA%2CAAPL%2CMSFT%2CMU%2CAMZN%2CAMD%2CGOOGL%2CTSLA%2CGOOG%2CAVGO%2CMETA%2CWMT%2CINTC%2CCSCO%2CCOST%2CLRCX%2CAMAT%2CNFLX%2CPLTR%2CKLAC%2CTXN%2CMRVL%2CQCOM%2CSNDK%2CLIN&apikey=%2A%2A%2AREDACTED%2A%2A%2A
EXC,False,0,429 Client Error: Too Many Requests for url: https://financialmodelingprep.com/stable/quote?symbol=NVDA%2CAAPL%2CMSFT%2CMU%2CAMZN%2CAMD%2CGOOGL%2CTSLA%2CGOOG%2CAVGO%2CMETA%2CWMT%2CINTC%2CCSCO%2CCOST%2CLRCX%2CAMAT%2CNFLX%2CPLTR%2CKLAC%2CTXN%2CMRVL%2CQCOM%2CSNDK%2CLIN&apikey=%2A%2A%2AREDACTED%2A%2A%2A
IDXX,False,0,429 Client Error: Too Many Requests for url: https://financialmodelingprep.com/stable/quote?symbol=NVDA%2CAAPL%2CMSFT%2CMU%2CAMZN%2CAMD%2CGOOGL%2CTSLA%2CGOOG%2CAVGO%2CMETA%2CWMT%2CINTC%2CCSCO%2CCOST%2CLRCX%2CAMAT%2CNFLX%2CPLTR%2CKLAC%2CTXN%2CMRVL%2CQCOM%2CSNDK%2CLIN&apikey=%2A%2A%2AREDACTED%2A%2A%2A
CCEP,False,0,429 Client Error: Too Many Requests for url: https://financialmodelingprep.com/stable/quote?symbol=NVDA%2CAAPL%2CMSFT%2CMU%2CAMZN%2CAMD%2CGOOGL%2CTSLA%2CGOOG%2CAVGO%2CMETA%2CWMT%2CINTC%2CCSCO%2CCOST%2CLRCX%2CAMAT%2CNFLX%2CPLTR%2CKLAC%2CTXN%2CMRVL%2CQCOM%2CSNDK%2CLIN&apikey=%2A%2A%2AREDACTED%2A%2A%2A
AXON,False,0,429 Client Error: Too Many Requests for url: https://financialmodelingprep.com/stable/quote?symbol=NVDA%2CAAPL%2CMSFT%2CMU%2CAMZN%2CAMD%2CGOOGL%2CTSLA%2CGOOG%2CAVGO%2CMETA%2CWMT%2CINTC%2CCSCO%2CCOST%2CLRCX%2CAMAT%2CNFLX%2CPLTR%2CKLAC%2CTXN%2CMRVL%2CQCOM%2CSNDK%2CLIN&apikey=%2A%2A%2AREDACTED%2A%2A%2A
KDP,False,0,429 Client Error: Too Many Requests for url: https://financialmodelingprep.com/stable/quote?symbol=NVDA%2CAAPL%2CMSFT%2CMU%2CAMZN%2CAMD%2CGOOGL%2CTSLA%2CGOOG%2CAVGO%2CMETA%2CWMT%2CINTC%2CCSCO%2CCOST%2CLRCX%2CAMAT%2CNFLX%2CPLTR%2CKLAC%2CTXN%2CMRVL%2CQCOM%2CSNDK%2CLIN&apikey=%2A%2A%2AREDACTED%2A%2A%2A
MSTR,False,0,429 Client Error: Too Many Requests for url: https://financialmodelingprep.com/stable/quote?symbol=NVDA%2CAAPL%2CMSFT%2CMU%2CAMZN%2CAMD%2CGOOGL%2CTSLA%2CGOOG%2CAVGO%2CMETA%2CWMT%2CINTC%2CCSCO%2CCOST%2CLRCX%2CAMAT%2CNFLX%2CPLTR%2CKLAC%2CTXN%2CMRVL%2CQCOM%2CSNDK%2CLIN&apikey=%2A%2A%2AREDACTED%2A%2A%2A
ALNY,False,0,429 Client Error: Too Many Requests for url: https://financialmodelingprep.com/stable/quote?symbol=NVDA%2CAAPL%2CMSFT%2CMU%2CAMZN%2CAMD%2CGOOGL%2CTSLA%2CGOOG%2CAVGO%2CMETA%2CWMT%2CINTC%2CCSCO%2CCOST%2CLRCX%2CAMAT%2CNFLX%2CPLTR%2CKLAC%2CTXN%2CMRVL%2CQCOM%2CSNDK%2CLIN&apikey=%2A%2A%2AREDACTED%2A%2A%2A
TTWO,False,0,429 Client Error: Too Many Requests for url: https://financialmodelingprep.com/stable/quote?symbol=NVDA%2CAAPL%2CMSFT%2CMU%2CAMZN%2CAMD%2CGOOGL%2CTSLA%2CGOOG%2CAVGO%2CMETA%2CWMT%2CINTC%2CCSCO%2CCOST%2CLRCX%2CAMAT%2CNFLX%2CPLTR%2CKLAC%2CTXN%2CMRVL%2CQCOM%2CSNDK%2CLIN&apikey=%2A%2A%2AREDACTED%2A%2A%2A
PYPL,False,0,429 Client Error: Too Many Requests for url: https://financialmodelingprep.com/stable/quote?symbol=NVDA%2CAAPL%2CMSFT%2CMU%2CAMZN%2CAMD%2CGOOGL%2CTSLA%2CGOOG%2CAVGO%2CMETA%2CWMT%2CINTC%2CCSCO%2CCOST%2CLRCX%2CAMAT%2CNFLX%2CPLTR%2CKLAC%2CTXN%2CMRVL%2CQCOM%2CSNDK%2CLIN&apikey=%2A%2A%2AREDACTED%2A%2A%2A
TRI,False,0,429 Client Error: Too Many Requests for url: https://financialmodelingprep.com/stable/quote?symbol=NVDA%2CAAPL%2CMSFT%2CMU%2CAMZN%2CAMD%2CGOOGL%2CTSLA%2CGOOG%2CAVGO%2CMETA%2CWMT%2CINTC%2CCSCO%2CCOST%2CLRCX%2CAMAT%2CNFLX%2CPLTR%2CKLAC%2CTXN%2CMRVL%2CQCOM%2CSNDK%2CLIN&apikey=%2A%2A%2AREDACTED%2A%2A%2A
PAYX,False,0,429 Client Error: Too Many Requests for url: https://financialmodelingprep.com/stable/quote?symbol=NVDA%2CAAPL%2CMSFT%2CMU%2CAMZN%2CAMD%2CGOOGL%2CTSLA%2CGOOG%2CAVGO%2CMETA%2CWMT%2CINTC%2CCSCO%2CCOST%2CLRCX%2CAMAT%2CNFLX%2CPLTR%2CKLAC%2CTXN%2CMRVL%2CQCOM%2CSNDK%2CLIN&apikey=%2A%2A%2AREDACTED%2A%2A%2A
ROP,False,0,429 Client Error: Too Many Requests for url: https://financialmodelingprep.com/stable/quote?symbol=NVDA%2CAAPL%2CMSFT%2CMU%2CAMZN%2CAMD%2CGOOGL%2CTSLA%2CGOOG%2CAVGO%2CMETA%2CWMT%2CINTC%2CCSCO%2CCOST%2CLRCX%2CAMAT%2CNFLX%2CPLTR%2CKLAC%2CTXN%2CMRVL%2CQCOM%2CSNDK%2CLIN&apikey=%2A%2A%2AREDACTED%2A%2A%2A
WDAY,False,0,429 Client Error: Too Many Requests for url: https://financialmodelingprep.com/stable/quote?symbol=NVDA%2CAAPL%2CMSFT%2CMU%2CAMZN%2CAMD%2CGOOGL%2CTSLA%2CGOOG%2CAVGO%2CMETA%2CWMT%2CINTC%2CCSCO%2CCOST%2CLRCX%2CAMAT%2CNFLX%2CPLTR%2CKLAC%2CTXN%2CMRVL%2CQCOM%2CSNDK%2CLIN&apikey=%2A%2A%2AREDACTED%2A%2A%2A
CPRT,False,0,429 Client Error: Too Many Requests for url: https://financialmodelingprep.com/stable/quote?symbol=NVDA%2CAAPL%2CMSFT%2CMU%2CAMZN%2CAMD%2CGOOGL%2CTSLA%2CGOOG%2CAVGO%2CMETA%2CWMT%2CINTC%2CCSCO%2CCOST%2CLRCX%2CAMAT%2CNFLX%2CPLTR%2CKLAC%2CTXN%2CMRVL%2CQCOM%2CSNDK%2CLIN&apikey=%2A%2A%2AREDACTED%2A%2A%2A
GEHC,False,0,429 Client Error: Too Many Requests for url: https://financialmodelingprep.com/stable/quote?symbol=NVDA%2CAAPL%2CMSFT%2CMU%2CAMZN%2CAMD%2CGOOGL%2CTSLA%2CGOOG%2CAVGO%2CMETA%2CWMT%2CINTC%2CCSCO%2CCOST%2CLRCX%2CAMAT%2CNFLX%2CPLTR%2CKLAC%2CTXN%2CMRVL%2CQCOM%2CSNDK%2CLIN&apikey=%2A%2A%2AREDACTED%2A%2A%2A
DXCM,False,0,429 Client Error: Too Many Requests for url: https://financialmodelingprep.com/stable/quote?symbol=NVDA%2CAAPL%2CMSFT%2CMU%2CAMZN%2CAMD%2CGOOGL%2CTSLA%2CGOOG%2CAVGO%2CMETA%2CWMT%2CINTC%2CCSCO%2CCOST%2CLRCX%2CAMAT%2CNFLX%2CPLTR%2CKLAC%2CTXN%2CMRVL%2CQCOM%2CSNDK%2CLIN&apikey=%2A%2A%2AREDACTED%2A%2A%2A
KHC,False,0,429 Client Error: Too Many Requests for url: https://financialmodelingprep.com/stable/quote?symbol=NVDA%2CAAPL%2CMSFT%2CMU%2CAMZN%2CAMD%2CGOOGL%2CTSLA%2CGOOG%2CAVGO%2CMETA%2CWMT%2CINTC%2CCSCO%2CCOST%2CLRCX%2CAMAT%2CNFLX%2CPLTR%2CKLAC%2CTXN%2CMRVL%2CQCOM%2CSNDK%2CLIN&apikey=%2A%2A%2AREDACTED%2A%2A%2A
CTSH,False,0,429 Client Error: Too Many Requests for url: https://financialmodelingprep.com/stable/quote?symbol=NVDA%2CAAPL%2CMSFT%2CMU%2CAMZN%2CAMD%2CGOOGL%2CTSLA%2CGOOG%2CAVGO%2CMETA%2CWMT%2CINTC%2CCSCO%2CCOST%2CLRCX%2CAMAT%2CNFLX%2CPLTR%2CKLAC%2CTXN%2CMRVL%2CQCOM%2CSNDK%2CLIN&apikey=%2A%2A%2AREDACTED%2A%2A%2A
VRSK,False,0,429 Client Error: Too Many Requests for url: https://financialmodelingprep.com/stable/quote?symbol=NVDA%2CAAPL%2CMSFT%2CMU%2CAMZN%2CAMD%2CGOOGL%2CTSLA%2CGOOG%2CAVGO%2CMETA%2CWMT%2CINTC%2CCSCO%2CCOST%2CLRCX%2CAMAT%2CNFLX%2CPLTR%2CKLAC%2CTXN%2CMRVL%2CQCOM%2CSNDK%2CLIN&apikey=%2A%2A%2AREDACTED%2A%2A%2A
INSM,False,0,429 Client Error: Too Many Requests for url: https://financialmodelingprep.com/stable/quote?symbol=NVDA%2CAAPL%2CMSFT%2CMU%2CAMZN%2CAMD%2CGOOGL%2CTSLA%2CGOOG%2CAVGO%2CMETA%2CWMT%2CINTC%2CCSCO%2CCOST%2CLRCX%2CAMAT%2CNFLX%2CPLTR%2CKLAC%2CTXN%2CMRVL%2CQCOM%2CSNDK%2CLIN&apikey=%2A%2A%2AREDACTED%2A%2A%2A
ZS,False,0,429 Client Error: Too Many Requests for url: https://financialmodelingprep.com/stable/quote?symbol=NVDA%2CAAPL%2CMSFT%2CMU%2CAMZN%2CAMD%2CGOOGL%2CTSLA%2CGOOG%2CAVGO%2CMETA%2CWMT%2CINTC%2CCSCO%2CCOST%2CLRCX%2CAMAT%2CNFLX%2CPLTR%2CKLAC%2CTXN%2CMRVL%2CQCOM%2CSNDK%2CLIN&apikey=%2A%2A%2AREDACTED%2A%2A%2A
CHTR,False,0,429 Client Error: Too Many Requests for url: https://financialmodelingprep.com/stable/quote?symbol=NVDA%2CAAPL%2CMSFT%2CMU%2CAMZN%2CAMD%2CGOOGL%2CTSLA%2CGOOG%2CAVGO%2CMETA%2CWMT%2CINTC%2CCSCO%2CCOST%2CLRCX%2CAMAT%2CNFLX%2CPLTR%2CKLAC%2CTXN%2CMRVL%2CQCOM%2CSNDK%2CLIN&apikey=%2A%2A%2AREDACTED%2A%2A%2A
